,Date,Temperature,Humidity,Pressure
0,2022-06-24 09:54:52,24.49,49.5,14.63
1,2022-06-24 09:55:22,24.49,49.57,14.63
2,2022-06-24 09:55:52,24.49,49.55,14.63
3,2022-06-24 09:56:23,24.48,49.45,14.63
4,2022-06-24 09:56:53,24.48,49.56,14.63
5,2022-06-24 09:57:23,24.48,49.47,14.63
6,2022-06-24 09:57:54,24.48,49.56,14.63
7,2022-06-24 09:58:24,24.49,49.55,14.63
8,2022-06-24 09:58:54,24.49,49.57,14.63
9,2022-06-24 09:59:25,24.48,49.6,14.63
10,2022-06-24 09:59:55,24.49,49.64,14.63
11,2022-06-24 10:00:25,24.49,49.72,14.63
12,2022-06-24 10:00:56,24.49,49.78,14.63
13,2022-06-24 10:01:26,24.49,49.76,14.63
14,2022-06-24 10:01:56,24.48,49.66,14.63
15,2022-06-24 10:02:27,24.49,49.59,14.62
16,2022-06-24 10:02:57,24.49,49.74,14.62
17,2022-06-24 10:03:27,24.49,49.71,14.62
18,2022-06-24 10:03:58,24.49,49.61,14.62
19,2022-06-24 10:04:28,24.49,49.66,14.62
20,2022-06-24 10:04:58,24.48,49.72,14.62
21,2022-06-24 10:05:28,24.48,49.65,14.63
22,2022-06-24 10:05:59,24.48,49.67,14.63
23,2022-06-24 10:06:29,24.48,49.66,14.62
24,2022-06-24 10:06:59,24.48,49.76,14.62
25,2022-06-24 10:07:30,24.48,49.8,14.62
26,2022-06-24 10:08:00,24.48,49.98,14.63
27,2022-06-24 10:08:30,24.48,49.94,14.62
28,2022-06-24 10:09:01,24.48,49.99,14.62
29,2022-06-24 10:09:31,24.48,49.9,14.62
30,2022-06-24 10:10:01,24.48,49.87,14.62
31,2022-06-24 10:10:32,24.48,49.84,14.62
32,2022-06-24 10:11:02,24.48,49.87,14.62
33,2022-06-24 10:11:32,24.47,49.8,14.62
34,2022-06-24 10:12:03,24.47,49.81,14.62
35,2022-06-24 10:12:33,24.48,49.91,14.62
36,2022-06-24 10:13:03,24.48,49.88,14.62
37,2022-06-24 10:13:34,24.48,49.93,14.62
38,2022-06-24 10:14:04,24.48,49.98,14.62
39,2022-06-24 10:14:34,24.48,49.93,14.62
40,2022-06-24 10:15:05,24.48,49.94,14.62
41,2022-06-24 10:15:35,24.48,49.99,14.62
42,2022-06-24 10:16:05,24.48,49.94,14.62
43,2022-06-24 10:16:36,24.48,50.01,14.62
44,2022-06-24 10:17:06,24.47,49.99,14.62
45,2022-06-24 10:17:36,24.48,50.03,14.62
46,2022-06-24 10:18:07,24.48,50.1,14.62
47,2022-06-24 10:18:37,24.48,50.08,14.62
48,2022-06-24 10:19:07,24.48,50.12,14.62
49,2022-06-24 10:19:38,24.48,50.1,14.62
50,2022-06-24 10:20:08,24.48,50.05,14.62
51,2022-06-24 10:20:38,24.48,50.05,14.62
52,2022-06-24 10:21:08,24.47,50.08,14.62
53,2022-06-24 10:21:39,24.48,50.07,14.62
54,2022-06-24 10:22:09,24.48,50.09,14.63
55,2022-06-24 10:22:39,24.47,50.06,14.62
56,2022-06-24 10:23:10,24.47,50.07,14.63
57,2022-06-24 10:23:40,24.47,50.02,14.62
58,2022-06-24 10:24:10,24.47,50.07,14.62
59,2022-06-24 10:24:41,24.48,50.02,14.62
60,2022-06-24 10:25:11,24.47,50.07,14.62
61,2022-06-24 10:25:41,24.46,49.93,14.63
62,2022-06-24 10:26:12,24.47,50.02,14.62
63,2022-06-24 10:26:42,24.47,50.07,14.62
64,2022-06-24 10:27:12,24.46,50.05,14.63
65,2022-06-24 10:27:43,24.47,50.1,14.63
66,2022-06-24 10:28:13,24.47,50.02,14.62
67,2022-06-24 10:28:43,24.46,50.04,14.62
68,2022-06-24 10:29:14,24.46,50.04,14.63
69,2022-06-24 10:29:44,24.47,50.05,14.62
70,2022-06-24 10:30:14,24.46,49.98,14.62
71,2022-06-24 10:30:45,24.46,50.1,14.62
72,2022-06-24 10:31:15,24.45,50.08,14.62
73,2022-06-24 10:31:45,24.46,50.04,14.62
74,2022-06-24 10:32:16,24.46,50.05,14.63
75,2022-06-24 10:32:46,24.46,50.09,14.63
76,2022-06-24 10:33:16,24.46,50.09,14.62
77,2022-06-24 10:33:47,24.45,50.07,14.63
78,2022-06-24 10:34:17,24.46,50.09,14.63
79,2022-06-24 10:34:47,24.45,50.08,14.63
80,2022-06-24 10:35:17,24.46,50.11,14.62
81,2022-06-24 10:35:48,24.46,50.18,14.63
82,2022-06-24 10:36:18,24.45,50.14,14.63
83,2022-06-24 10:36:48,24.46,50.15,14.63
84,2022-06-24 10:37:19,24.46,50.1,14.62
85,2022-06-24 10:37:49,24.47,50.11,14.62
86,2022-06-24 10:38:19,24.47,50.12,14.62
87,2022-06-24 10:38:50,24.47,50.13,14.62
88,2022-06-24 10:39:20,24.47,50.19,14.63
89,2022-06-24 10:39:50,24.45,50.17,14.63
90,2022-06-24 10:40:21,24.48,50.24,14.62
91,2022-06-24 10:40:51,24.47,50.19,14.62
92,2022-06-24 10:41:21,24.47,50.24,14.63
93,2022-06-24 10:41:52,24.47,50.36,14.63
94,2022-06-24 10:42:22,24.47,50.39,14.63
95,2022-06-24 10:42:52,24.46,50.34,14.63
96,2022-06-24 10:43:23,24.47,50.41,14.63
97,2022-06-24 10:43:53,24.47,50.34,14.63
98,2022-06-24 10:44:23,24.47,50.34,14.62
99,2022-06-24 10:44:54,24.46,50.37,14.62
100,2022-06-24 10:45:24,24.47,50.43,14.63
101,2022-06-24 10:45:54,24.47,50.41,14.63
102,2022-06-24 10:46:25,24.47,50.46,14.63
103,2022-06-24 10:46:55,24.48,50.48,14.63
104,2022-06-24 10:47:25,24.47,50.46,14.63
105,2022-06-24 10:47:56,24.48,50.44,14.63
106,2022-06-24 10:48:26,24.47,50.49,14.63
107,2022-06-24 10:48:56,24.47,50.44,14.63
108,2022-06-24 10:49:27,24.47,50.43,14.62
109,2022-06-24 10:49:57,24.47,50.42,14.63
110,2022-06-24 10:50:27,24.47,50.42,14.62
111,2022-06-24 10:50:57,24.47,50.43,14.63
112,2022-06-24 10:51:28,24.47,50.42,14.63
113,2022-06-24 10:51:58,24.47,50.5,14.62
114,2022-06-24 10:52:28,24.46,50.5,14.62
115,2022-06-24 10:52:59,24.47,50.52,14.62
116,2022-06-24 10:53:29,24.46,50.52,14.62
117,2022-06-24 10:53:59,24.46,50.5,14.62
118,2022-06-24 10:54:30,24.46,50.55,14.62
119,2022-06-24 10:55:00,24.46,50.57,14.62
120,2022-06-24 10:55:30,24.45,50.56,14.62
121,2022-06-24 10:56:01,24.46,50.55,14.63
122,2022-06-24 10:56:31,24.47,50.5,14.63
123,2022-06-24 10:57:01,24.46,50.56,14.63
124,2022-06-24 10:57:32,24.45,50.5,14.62
125,2022-06-24 10:58:02,24.46,50.51,14.62
126,2022-06-24 10:58:32,24.46,50.52,14.62
127,2022-06-24 10:59:03,24.46,50.39,14.63
128,2022-06-24 10:59:33,24.45,50.43,14.62
129,2022-06-24 11:00:03,24.46,50.37,14.62
130,2022-06-24 11:00:34,24.45,50.44,14.62
131,2022-06-24 11:01:04,24.46,50.47,14.63
132,2022-06-24 11:01:34,24.46,50.48,14.62
133,2022-06-24 11:02:05,24.46,50.52,14.62
134,2022-06-24 11:02:35,24.45,50.49,14.63
135,2022-06-24 11:03:05,24.45,50.5,14.62
136,2022-06-24 11:03:36,24.45,50.58,14.63
137,2022-06-24 11:04:06,24.45,50.62,14.62
138,2022-06-24 11:04:36,24.45,50.62,14.62
139,2022-06-24 11:05:06,24.45,50.67,14.62
140,2022-06-24 11:05:37,24.45,50.75,14.62
141,2022-06-24 11:06:07,24.45,50.74,14.63
142,2022-06-24 11:06:37,24.45,50.66,14.63
143,2022-06-24 11:07:08,24.45,50.66,14.62
144,2022-06-24 11:07:38,24.44,50.53,14.63
145,2022-06-24 11:08:08,24.45,50.57,14.62
146,2022-06-24 11:08:39,24.45,50.56,14.62
147,2022-06-24 11:09:09,24.45,50.52,14.62
148,2022-06-24 11:09:39,24.43,50.51,14.63
149,2022-06-24 11:10:10,24.44,50.53,14.62
150,2022-06-24 11:10:40,24.43,50.51,14.62
151,2022-06-24 11:11:10,24.43,50.53,14.62
152,2022-06-24 11:11:41,24.43,50.53,14.63
153,2022-06-24 11:12:11,24.43,50.57,14.63
154,2022-06-24 11:12:41,24.44,50.54,14.62
155,2022-06-24 11:13:12,24.43,50.5,14.62
156,2022-06-24 11:13:42,24.43,50.51,14.62
157,2022-06-24 11:14:12,24.43,50.5,14.62
158,2022-06-24 11:14:43,24.44,50.51,14.62
159,2022-06-24 11:15:13,24.43,50.53,14.62
160,2022-06-24 11:15:43,24.42,50.57,14.62
161,2022-06-24 11:16:14,24.42,50.63,14.62
162,2022-06-24 11:16:44,24.43,50.72,14.62
163,2022-06-24 11:17:14,24.43,50.71,14.62
164,2022-06-24 11:17:45,24.42,50.78,14.62
165,2022-06-24 11:18:15,24.41,50.81,14.62
166,2022-06-24 11:18:45,24.41,50.71,14.62
167,2022-06-24 11:19:16,24.41,50.72,14.62
168,2022-06-24 11:19:46,24.42,50.78,14.62
169,2022-06-24 11:20:16,24.42,50.82,14.63
170,2022-06-24 11:20:46,24.41,50.78,14.62
171,2022-06-24 11:21:17,24.43,50.87,14.62
172,2022-06-24 11:21:47,24.42,50.85,14.62
173,2022-06-24 11:22:17,24.41,50.76,14.62
174,2022-06-24 11:22:48,24.42,50.75,14.62
175,2022-06-24 11:23:18,24.41,50.76,14.62
176,2022-06-24 11:23:48,24.41,50.66,14.62
177,2022-06-24 11:24:19,24.41,50.59,14.62
178,2022-06-24 11:24:49,24.41,50.63,14.62
179,2022-06-24 11:25:19,24.42,50.66,14.62
180,2022-06-24 11:25:50,24.41,50.65,14.62
181,2022-06-24 11:26:20,24.41,50.57,14.62
182,2022-06-24 11:26:50,24.41,50.61,14.62
183,2022-06-24 11:27:21,24.41,50.59,14.62
184,2022-06-24 11:27:51,24.41,50.6,14.62
185,2022-06-24 11:28:21,24.41,50.62,14.62
186,2022-06-24 11:28:52,24.41,50.59,14.62
187,2022-06-24 11:29:22,24.41,50.57,14.62
188,2022-06-24 11:29:52,24.41,50.61,14.62
189,2022-06-24 11:30:23,24.41,50.67,14.62
190,2022-06-24 11:30:53,24.41,50.64,14.62
191,2022-06-24 11:31:23,24.4,50.6,14.62
192,2022-06-24 11:31:54,24.41,50.6,14.62
193,2022-06-24 11:32:24,24.41,50.68,14.62
194,2022-06-24 11:32:54,24.4,50.57,14.62
195,2022-06-24 11:33:25,24.41,50.56,14.62
196,2022-06-24 11:33:55,24.41,50.55,14.62
197,2022-06-24 11:34:25,24.41,50.59,14.62
198,2022-06-24 11:34:55,24.41,50.54,14.62
199,2022-06-24 11:35:26,24.4,50.53,14.62
200,2022-06-24 11:35:56,24.4,50.53,14.62
201,2022-06-24 11:36:26,24.4,50.56,14.62
202,2022-06-24 11:36:57,24.4,50.46,14.62
203,2022-06-24 11:37:27,24.39,50.55,14.62
204,2022-06-24 11:37:57,24.4,50.48,14.62
205,2022-06-24 11:38:28,24.39,50.52,14.62
206,2022-06-24 11:38:58,24.4,50.47,14.62
207,2022-06-24 11:39:28,24.39,50.47,14.62
208,2022-06-24 11:39:59,24.4,50.52,14.62
209,2022-06-24 11:40:29,24.4,50.52,14.62
210,2022-06-24 11:40:59,24.4,50.48,14.62
211,2022-06-24 11:41:30,24.4,50.55,14.62
212,2022-06-24 11:42:00,24.4,50.51,14.62
213,2022-06-24 11:42:30,24.39,50.5,14.62
214,2022-06-24 11:43:01,24.38,50.55,14.62
215,2022-06-24 11:43:31,24.39,50.6,14.62
216,2022-06-24 11:44:01,24.39,50.61,14.62
217,2022-06-24 11:44:32,24.39,50.69,14.62
218,2022-06-24 11:45:02,24.39,50.68,14.62
219,2022-06-24 11:45:32,24.38,50.62,14.62
220,2022-06-24 11:46:03,24.39,50.61,14.62
221,2022-06-24 11:46:33,24.39,50.68,14.62
222,2022-06-24 11:47:03,24.39,50.66,14.62
223,2022-06-24 11:47:34,24.39,50.69,14.62
224,2022-06-24 11:48:04,24.39,50.67,14.62
225,2022-06-24 11:48:34,24.39,50.69,14.62
226,2022-06-24 11:49:05,24.39,50.7,14.62
227,2022-06-24 11:49:35,24.38,50.71,14.62
228,2022-06-24 11:50:05,24.38,50.72,14.62
229,2022-06-24 11:50:35,24.38,50.65,14.62
230,2022-06-24 11:51:06,24.38,50.65,14.62
231,2022-06-24 11:51:36,24.38,50.62,14.62
232,2022-06-24 11:52:06,24.38,50.7,14.62
233,2022-06-24 11:52:37,24.38,50.73,14.62
234,2022-06-24 11:53:07,24.38,50.62,14.62
235,2022-06-24 11:53:37,24.38,50.71,14.62
236,2022-06-24 11:54:08,24.39,50.71,14.62
237,2022-06-24 11:54:38,24.38,50.74,14.62
238,2022-06-24 11:55:08,24.38,50.68,14.62
239,2022-06-24 11:55:39,24.38,50.69,14.62
240,2022-06-24 11:56:09,24.38,50.62,14.62
241,2022-06-24 11:56:39,24.38,50.65,14.62
242,2022-06-24 11:57:10,24.38,50.56,14.62
243,2022-06-24 11:57:40,24.38,50.58,14.62
244,2022-06-24 11:58:10,24.38,50.55,14.62
245,2022-06-24 11:58:41,24.38,50.55,14.62
246,2022-06-24 11:59:11,24.38,50.61,14.62
247,2022-06-24 11:59:41,24.38,50.6,14.62
248,2022-06-24 12:00:12,24.37,50.56,14.62
249,2022-06-24 12:00:42,24.38,50.55,14.62
250,2022-06-24 12:01:12,24.37,50.54,14.62
251,2022-06-24 12:01:43,24.37,50.55,14.62
252,2022-06-24 12:02:13,24.37,50.55,14.62
253,2022-06-24 12:02:43,24.37,50.58,14.62
254,2022-06-24 12:03:14,24.37,50.49,14.62
255,2022-06-24 12:03:44,24.37,50.41,14.62
256,2022-06-24 12:04:14,24.37,50.48,14.62
257,2022-06-24 12:04:45,24.37,50.45,14.62
258,2022-06-24 12:05:15,24.37,50.49,14.62
259,2022-06-24 12:05:45,24.37,50.44,14.62
260,2022-06-24 12:06:15,24.36,50.48,14.62
261,2022-06-24 12:06:46,24.37,50.52,14.62
262,2022-06-24 12:07:16,24.37,50.41,14.62
263,2022-06-24 12:07:46,24.37,50.36,14.62
264,2022-06-24 12:08:17,24.37,50.47,14.62
265,2022-06-24 12:08:47,24.37,50.38,14.62
266,2022-06-24 12:09:17,24.37,50.33,14.62
267,2022-06-24 12:09:48,24.37,50.39,14.62
268,2022-06-24 12:10:18,24.36,50.38,14.62
269,2022-06-24 12:10:48,24.36,50.31,14.62
270,2022-06-24 12:11:19,24.35,50.4,14.62
271,2022-06-24 12:11:49,24.36,50.41,14.62
272,2022-06-24 12:12:19,24.35,50.26,14.62
273,2022-06-24 12:12:50,24.35,50.38,14.62
274,2022-06-24 12:13:20,24.35,50.31,14.62
275,2022-06-24 12:13:50,24.36,50.38,14.62
276,2022-06-24 12:14:21,24.36,50.4,14.62
277,2022-06-24 12:14:51,24.35,50.39,14.62
278,2022-06-24 12:15:21,24.35,50.38,14.62
279,2022-06-24 12:15:52,24.35,50.31,14.62
280,2022-06-24 12:16:22,24.35,50.3,14.62
281,2022-06-24 12:16:52,24.36,50.35,14.62
282,2022-06-24 12:17:23,24.36,50.45,14.62
283,2022-06-24 12:17:53,24.35,50.37,14.62
284,2022-06-24 12:18:23,24.35,50.4,14.62
285,2022-06-24 12:18:54,24.35,50.41,14.62
286,2022-06-24 12:19:24,24.35,50.41,14.62
287,2022-06-24 12:19:54,24.35,50.37,14.62
288,2022-06-24 12:20:24,24.35,50.42,14.62
289,2022-06-24 12:20:55,24.36,50.42,14.62
290,2022-06-24 12:21:25,24.35,50.42,14.62
291,2022-06-24 12:21:55,24.36,50.38,14.62
292,2022-06-24 12:22:26,24.36,50.31,14.62
293,2022-06-24 12:22:56,24.35,50.28,14.62
294,2022-06-24 12:23:26,24.35,50.24,14.62
295,2022-06-24 12:23:57,24.35,50.22,14.62
296,2022-06-24 12:24:27,24.34,50.17,14.62
297,2022-06-24 12:24:57,24.35,50.14,14.62
298,2022-06-24 12:25:28,24.34,50.11,14.62
299,2022-06-24 12:25:58,24.34,50.15,14.62
300,2022-06-24 12:26:28,24.34,50.14,14.62
301,2022-06-24 12:26:59,24.34,50.12,14.62
302,2022-06-24 12:27:29,24.34,50.07,14.62
303,2022-06-24 12:27:59,24.34,50.06,14.62
304,2022-06-24 12:28:30,24.34,50.07,14.62
305,2022-06-24 12:29:00,24.34,50.0,14.62
306,2022-06-24 12:29:30,24.34,50.03,14.62
307,2022-06-24 12:30:01,24.34,49.96,14.62
308,2022-06-24 12:30:31,24.34,50.0,14.62
309,2022-06-24 12:31:01,24.34,49.98,14.62
310,2022-06-24 12:31:32,24.34,49.92,14.62
311,2022-06-24 12:32:02,24.34,49.96,14.62
312,2022-06-24 12:32:32,24.34,49.92,14.62
313,2022-06-24 12:33:03,24.34,49.93,14.62
314,2022-06-24 12:33:33,24.34,49.83,14.62
315,2022-06-24 12:34:03,24.34,49.84,14.62
316,2022-06-24 12:34:33,24.34,49.8,14.62
317,2022-06-24 12:35:04,24.33,49.82,14.62
318,2022-06-24 12:35:34,24.34,49.79,14.62
319,2022-06-24 12:36:04,24.34,49.79,14.62
320,2022-06-24 12:36:35,24.33,49.86,14.62
321,2022-06-24 12:37:05,24.33,49.85,14.62
322,2022-06-24 12:37:35,24.33,49.84,14.62
323,2022-06-24 12:38:06,24.33,49.81,14.62
324,2022-06-24 12:38:36,24.33,49.81,14.62
325,2022-06-24 12:39:06,24.33,49.81,14.62
326,2022-06-24 12:39:37,24.33,49.86,14.62
327,2022-06-24 12:40:07,24.33,49.88,14.62
328,2022-06-24 12:40:37,24.34,49.9,14.62
329,2022-06-24 12:41:08,24.32,49.88,14.62
330,2022-06-24 12:41:38,24.33,49.87,14.62
331,2022-06-24 12:42:08,24.32,49.91,14.62
332,2022-06-24 12:42:39,24.33,49.84,14.62
333,2022-06-24 12:43:09,24.33,49.8,14.62
334,2022-06-24 12:43:39,24.32,49.73,14.62
335,2022-06-24 12:44:10,24.33,49.71,14.62
336,2022-06-24 12:44:40,24.33,49.68,14.62
337,2022-06-24 12:45:10,24.33,49.62,14.62
338,2022-06-24 12:45:41,24.33,49.6,14.62
339,2022-06-24 12:46:11,24.33,49.57,14.62
340,2022-06-24 12:46:41,24.32,49.53,14.62
341,2022-06-24 12:47:12,24.32,49.54,14.62
342,2022-06-24 12:47:42,24.32,49.53,14.62
343,2022-06-24 12:48:12,24.32,49.45,14.62
344,2022-06-24 12:48:43,24.33,49.43,14.62
345,2022-06-24 12:49:13,24.32,49.5,14.62
346,2022-06-24 12:49:43,24.33,49.46,14.62
347,2022-06-24 12:50:13,24.32,49.42,14.62
348,2022-06-24 12:50:44,24.32,49.37,14.62
349,2022-06-24 12:51:14,24.32,49.33,14.62
350,2022-06-24 12:51:44,24.32,49.31,14.62
351,2022-06-24 12:52:15,24.31,49.26,14.62
352,2022-06-24 12:52:45,24.32,49.23,14.62
353,2022-06-24 12:53:15,24.31,49.32,14.62
354,2022-06-24 12:53:46,24.32,49.19,14.62
355,2022-06-24 12:54:16,24.32,49.21,14.62
356,2022-06-24 12:54:46,24.32,49.23,14.62
357,2022-06-24 12:55:17,24.32,49.21,14.62
358,2022-06-24 12:55:47,24.31,49.3,14.62
359,2022-06-24 12:56:17,24.31,49.25,14.62
360,2022-06-24 12:56:48,24.31,49.18,14.62
361,2022-06-24 12:57:18,24.31,49.08,14.62
362,2022-06-24 12:57:48,24.31,48.99,14.62
363,2022-06-24 12:58:19,24.31,49.1,14.62
364,2022-06-24 12:58:49,24.31,49.11,14.62
365,2022-06-24 12:59:19,24.31,49.04,14.62
366,2022-06-24 12:59:50,24.3,49.04,14.62
367,2022-06-24 13:00:20,24.31,49.01,14.62
368,2022-06-24 13:00:50,24.3,48.98,14.62
369,2022-06-24 13:01:21,24.3,48.99,14.62
370,2022-06-24 13:01:51,24.3,48.99,14.62
371,2022-06-24 13:02:21,24.3,49.18,14.62
372,2022-06-24 13:02:52,24.31,49.24,14.62
373,2022-06-24 13:03:22,24.31,49.18,14.62
374,2022-06-24 13:03:52,24.3,49.13,14.62
375,2022-06-24 13:04:23,24.3,49.07,14.62
376,2022-06-24 13:04:53,24.3,49.13,14.62
377,2022-06-24 13:05:23,24.31,49.17,14.62
378,2022-06-24 13:05:53,24.3,49.1,14.62
379,2022-06-24 13:06:24,24.3,49.05,14.62
380,2022-06-24 13:06:54,24.3,49.01,14.62
381,2022-06-24 13:07:24,24.31,48.89,14.62
382,2022-06-24 13:07:55,24.32,48.89,14.62
383,2022-06-24 13:08:25,24.31,48.88,14.62
384,2022-06-24 13:08:55,24.32,48.84,14.62
385,2022-06-24 13:09:26,24.3,48.8,14.62
386,2022-06-24 13:09:56,24.3,48.8,14.62
387,2022-06-24 13:10:26,24.3,48.84,14.62
388,2022-06-24 13:10:57,24.31,48.84,14.62
389,2022-06-24 13:11:27,24.31,48.77,14.62
390,2022-06-24 13:11:57,24.31,48.76,14.62
391,2022-06-24 13:12:28,24.3,48.75,14.62
392,2022-06-24 13:12:58,24.3,48.82,14.62
393,2022-06-24 13:13:28,24.3,48.82,14.62
394,2022-06-24 13:13:59,24.3,48.83,14.62
395,2022-06-24 13:14:29,24.3,48.88,14.62
396,2022-06-24 13:14:59,24.3,48.8,14.62
397,2022-06-24 13:15:30,24.3,48.78,14.62
398,2022-06-24 13:16:00,24.3,48.79,14.62
399,2022-06-24 13:16:30,24.3,48.74,14.62
400,2022-06-24 13:17:01,24.3,48.75,14.62
401,2022-06-24 13:17:31,24.3,48.72,14.62
402,2022-06-24 13:18:01,24.3,48.66,14.62
403,2022-06-24 13:18:32,24.3,48.69,14.62
404,2022-06-24 13:19:02,24.3,48.77,14.62
405,2022-06-24 13:19:32,24.3,48.74,14.62
406,2022-06-24 13:20:02,24.3,48.78,14.62
407,2022-06-24 13:20:33,24.3,48.78,14.62
408,2022-06-24 13:21:03,24.3,48.77,14.62
409,2022-06-24 13:21:33,24.3,48.72,14.62
410,2022-06-24 13:22:04,24.3,48.78,14.62
411,2022-06-24 13:22:34,24.3,48.71,14.62
412,2022-06-24 13:23:04,24.3,48.72,14.62
413,2022-06-24 13:23:35,24.29,48.71,14.62
414,2022-06-24 13:24:05,24.29,48.72,14.62
415,2022-06-24 13:24:35,24.3,48.77,14.62
416,2022-06-24 13:25:06,24.3,48.75,14.62
417,2022-06-24 13:25:36,24.29,48.69,14.62
418,2022-06-24 13:26:06,24.28,48.66,14.62
419,2022-06-24 13:26:37,24.28,48.68,14.62
420,2022-06-24 13:27:07,24.29,48.75,14.62
421,2022-06-24 13:27:37,24.29,48.74,14.62
422,2022-06-24 13:28:08,24.29,48.64,14.62
423,2022-06-24 13:28:38,24.28,48.78,14.62
424,2022-06-24 13:29:08,24.28,48.64,14.62
425,2022-06-24 13:29:39,24.28,48.69,14.62
426,2022-06-24 13:30:09,24.28,48.78,14.62
427,2022-06-24 13:30:39,24.28,48.8,14.62
428,2022-06-24 13:31:10,24.28,48.79,14.62
429,2022-06-24 13:31:40,24.28,48.87,14.62
430,2022-06-24 13:32:10,24.28,48.9,14.62
431,2022-06-24 13:32:41,24.29,48.93,14.62
432,2022-06-24 13:33:11,24.27,49.03,14.62
433,2022-06-24 13:33:41,24.28,49.06,14.62
434,2022-06-24 13:34:12,24.28,49.13,14.62
435,2022-06-24 13:34:42,24.28,49.24,14.62
436,2022-06-24 13:35:12,24.27,49.34,14.62
437,2022-06-24 13:35:42,24.27,49.34,14.62
438,2022-06-24 13:36:13,24.27,49.37,14.62
439,2022-06-24 13:36:43,24.28,49.4,14.62
440,2022-06-24 13:37:13,24.28,49.48,14.62
441,2022-06-24 13:37:44,24.27,49.46,14.62
442,2022-06-24 13:38:14,24.27,49.48,14.61
443,2022-06-24 13:38:44,24.28,49.4,14.62
444,2022-06-24 13:39:15,24.27,49.41,14.62
445,2022-06-24 13:39:45,24.28,49.32,14.61
446,2022-06-24 13:40:15,24.27,49.29,14.62
447,2022-06-24 13:40:46,24.28,49.25,14.62
448,2022-06-24 13:41:16,24.28,49.17,14.62
449,2022-06-24 13:41:46,24.27,49.17,14.61
450,2022-06-24 13:42:17,24.28,49.12,14.61
451,2022-06-24 13:42:47,24.28,49.11,14.61
452,2022-06-24 13:43:17,24.29,49.16,14.62
453,2022-06-24 13:43:48,24.28,48.99,14.62
454,2022-06-24 13:44:18,24.28,48.96,14.62
455,2022-06-24 13:44:48,24.28,48.91,14.62
456,2022-06-24 13:45:19,24.27,48.84,14.61
457,2022-06-24 13:45:49,24.27,48.82,14.62
458,2022-06-24 13:46:19,24.27,48.77,14.62
459,2022-06-24 13:46:50,24.27,48.82,14.62
460,2022-06-24 13:47:20,24.27,48.78,14.62
461,2022-06-24 13:47:50,24.27,48.83,14.61
462,2022-06-24 13:48:21,24.27,48.76,14.62
463,2022-06-24 13:48:51,24.27,48.76,14.62
464,2022-06-24 13:49:21,24.27,48.83,14.62
465,2022-06-24 13:49:52,24.27,48.87,14.62
466,2022-06-24 13:50:22,24.26,48.9,14.62
467,2022-06-24 13:50:52,24.27,48.9,14.62
468,2022-06-24 13:51:22,24.26,48.91,14.62
469,2022-06-24 13:51:53,24.26,48.88,14.62
470,2022-06-24 13:52:23,24.26,48.85,14.62
471,2022-06-24 13:52:53,24.27,48.85,14.62
472,2022-06-24 13:53:24,24.27,48.84,14.62
473,2022-06-24 13:53:54,24.26,48.87,14.61
474,2022-06-24 13:54:24,24.26,48.86,14.62
475,2022-06-24 13:54:55,24.26,48.89,14.62
476,2022-06-24 13:55:25,24.26,48.92,14.62
477,2022-06-24 13:55:55,24.26,49.04,14.62
478,2022-06-24 13:56:26,24.26,49.09,14.62
479,2022-06-24 13:56:56,24.26,49.14,14.61
480,2022-06-24 13:57:26,24.25,49.17,14.61
481,2022-06-24 13:57:57,24.27,49.19,14.61
482,2022-06-24 13:58:27,24.25,49.22,14.62
483,2022-06-24 13:58:57,24.25,49.23,14.61
484,2022-06-24 13:59:28,24.25,49.22,14.61
485,2022-06-24 13:59:58,24.25,49.14,14.62
486,2022-06-24 14:00:28,24.25,49.27,14.62
487,2022-06-24 14:00:59,24.25,49.24,14.62
488,2022-06-24 14:01:29,24.25,49.26,14.62
489,2022-06-24 14:01:59,24.25,49.21,14.61
490,2022-06-24 14:02:30,24.25,49.24,14.62
491,2022-06-24 14:03:00,24.25,49.2,14.61
492,2022-06-24 14:03:30,24.24,49.18,14.61
493,2022-06-24 14:04:01,24.25,49.21,14.61
494,2022-06-24 14:04:31,24.25,49.12,14.61
495,2022-06-24 14:05:01,24.26,49.08,14.62
496,2022-06-24 14:05:31,24.24,49.09,14.62
497,2022-06-24 14:06:02,24.24,49.1,14.62
498,2022-06-24 14:06:32,24.25,49.14,14.62
499,2022-06-24 14:07:02,24.25,49.21,14.61
500,2022-06-24 14:07:33,24.25,49.17,14.61
501,2022-06-24 14:08:03,24.24,49.14,14.61
502,2022-06-24 14:08:33,24.24,49.16,14.61
503,2022-06-24 14:09:04,24.25,49.12,14.61
504,2022-06-24 14:09:34,24.24,49.14,14.61
505,2022-06-24 14:10:04,24.25,49.17,14.61
506,2022-06-24 14:10:35,24.24,49.28,14.61
507,2022-06-24 14:11:05,24.25,49.41,14.62
508,2022-06-24 14:11:35,24.24,49.51,14.61
509,2022-06-24 14:12:06,24.24,49.41,14.62
510,2022-06-24 14:12:36,24.25,49.6,14.61
511,2022-06-24 14:13:06,24.25,49.67,14.61
512,2022-06-24 14:13:37,24.25,49.71,14.62
513,2022-06-24 14:14:07,24.25,49.78,14.62
514,2022-06-24 14:14:37,24.24,49.85,14.61
515,2022-06-24 14:15:08,24.24,49.91,14.61
516,2022-06-24 14:15:38,24.23,49.68,14.62
517,2022-06-24 14:16:08,24.24,49.63,14.61
518,2022-06-24 14:16:39,24.24,49.67,14.62
519,2022-06-24 14:17:09,24.24,49.69,14.61
520,2022-06-24 14:17:39,24.24,49.73,14.62
521,2022-06-24 14:18:10,24.24,49.76,14.62
522,2022-06-24 14:18:40,24.23,49.73,14.61
523,2022-06-24 14:19:10,24.23,49.72,14.62
524,2022-06-24 14:19:41,24.24,49.65,14.61
525,2022-06-24 14:20:11,24.24,49.63,14.61
526,2022-06-24 14:20:41,24.24,49.68,14.61
527,2022-06-24 14:21:11,24.23,49.64,14.61
528,2022-06-24 14:21:42,24.23,49.61,14.61
529,2022-06-24 14:22:12,24.23,49.61,14.61
530,2022-06-24 14:22:42,24.23,49.64,14.61
531,2022-06-24 14:23:13,24.23,49.61,14.61
532,2022-06-24 14:23:43,24.24,49.61,14.61
533,2022-06-24 14:24:13,24.23,49.58,14.61
534,2022-06-24 14:24:44,24.23,49.62,14.61
535,2022-06-24 14:25:14,24.23,49.68,14.61
536,2022-06-24 14:25:44,24.23,49.67,14.61
537,2022-06-24 14:26:15,24.23,49.68,14.61
538,2022-06-24 14:26:45,24.23,49.6,14.61
539,2022-06-24 14:27:15,24.23,49.66,14.61
540,2022-06-24 14:27:46,24.23,49.6,14.61
541,2022-06-24 14:28:16,24.23,49.59,14.61
542,2022-06-24 14:28:46,24.23,49.59,14.61
543,2022-06-24 14:29:17,24.23,49.61,14.61
544,2022-06-24 14:29:47,24.23,49.67,14.61
545,2022-06-24 14:30:17,24.23,49.63,14.61
546,2022-06-24 14:30:48,24.23,49.67,14.61
547,2022-06-24 14:31:18,24.23,49.67,14.61
548,2022-06-24 14:31:48,24.23,49.65,14.61
549,2022-06-24 14:32:19,24.22,49.73,14.61
550,2022-06-24 14:32:49,24.23,49.87,14.61
551,2022-06-24 14:33:19,24.23,49.98,14.61
552,2022-06-24 14:33:50,24.22,50.03,14.61
553,2022-06-24 14:34:20,24.22,50.02,14.61
554,2022-06-24 14:34:50,24.23,50.15,14.61
555,2022-06-24 14:35:20,24.23,50.27,14.61
556,2022-06-24 14:35:51,24.23,50.18,14.61
557,2022-06-24 14:36:21,24.22,50.03,14.61
558,2022-06-24 14:36:51,24.23,49.97,14.61
559,2022-06-24 14:37:22,24.23,50.0,14.61
560,2022-06-24 14:37:52,24.22,49.97,14.61
561,2022-06-24 14:38:22,24.22,50.06,14.61
562,2022-06-24 14:38:53,24.23,49.9,14.61
563,2022-06-24 14:39:23,24.23,49.9,14.61
564,2022-06-24 14:39:53,24.23,49.91,14.61
565,2022-06-24 14:40:24,24.23,49.89,14.61
566,2022-06-24 14:40:54,24.23,49.87,14.61
567,2022-06-24 14:41:24,24.23,49.82,14.61
568,2022-06-24 14:41:55,24.23,49.84,14.61
569,2022-06-24 14:42:25,24.23,49.79,14.61
570,2022-06-24 14:42:55,24.22,49.79,14.61
571,2022-06-24 14:43:26,24.22,49.85,14.61
572,2022-06-24 14:43:56,24.23,49.8,14.61
573,2022-06-24 14:44:26,24.23,49.93,14.61
574,2022-06-24 14:44:57,24.22,49.92,14.61
575,2022-06-24 14:45:27,24.23,49.9,14.61
576,2022-06-24 14:45:57,24.23,49.89,14.61
577,2022-06-24 14:46:28,24.23,49.91,14.61
578,2022-06-24 14:46:58,24.23,49.94,14.61
579,2022-06-24 14:47:28,24.23,49.95,14.61
580,2022-06-24 14:47:59,24.23,50.0,14.61
581,2022-06-24 14:48:29,24.23,50.01,14.61
582,2022-06-24 14:48:59,24.23,50.12,14.61
583,2022-06-24 14:49:30,24.23,50.13,14.61
584,2022-06-24 14:50:00,24.23,50.14,14.61
585,2022-06-24 14:50:30,24.23,50.12,14.61
586,2022-06-24 14:51:00,24.24,50.06,14.61
587,2022-06-24 14:51:31,24.24,49.98,14.61
588,2022-06-24 14:52:01,24.25,49.98,14.61
589,2022-06-24 14:52:31,24.24,49.95,14.61
590,2022-06-24 14:53:02,24.24,49.98,14.61
591,2022-06-24 14:53:32,24.24,50.0,14.61
592,2022-06-24 14:54:02,24.25,50.0,14.61
593,2022-06-24 14:54:33,24.24,49.97,14.61
594,2022-06-24 14:55:03,24.24,50.01,14.61
595,2022-06-24 14:55:33,24.24,49.99,14.61
596,2022-06-24 14:56:04,24.24,50.08,14.61
597,2022-06-24 14:56:34,24.24,50.05,14.61
598,2022-06-24 14:57:04,24.24,50.05,14.61
599,2022-06-24 14:57:35,24.24,50.1,14.61
600,2022-06-24 14:58:05,24.24,50.16,14.61
601,2022-06-24 14:58:35,24.24,50.21,14.61
602,2022-06-24 14:59:06,24.25,50.22,14.61
603,2022-06-24 14:59:36,24.24,50.2,14.61
604,2022-06-24 15:00:06,24.24,50.16,14.61
605,2022-06-24 15:00:37,24.24,50.2,14.61
606,2022-06-24 15:01:07,24.23,50.19,14.61
607,2022-06-24 15:01:37,24.24,50.18,14.61
608,2022-06-24 15:02:08,24.23,50.2,14.61
609,2022-06-24 15:02:38,24.26,50.17,14.61
610,2022-06-24 15:03:08,24.25,50.18,14.61
611,2022-06-24 15:03:39,24.25,50.19,14.61
612,2022-06-24 15:04:09,24.25,50.19,14.61
613,2022-06-24 15:04:39,24.25,50.11,14.61
614,2022-06-24 15:05:09,24.25,50.08,14.61
615,2022-06-24 15:05:40,24.25,50.08,14.61
616,2022-06-24 15:06:10,24.25,50.08,14.61
617,2022-06-24 15:06:40,24.26,49.98,14.61
618,2022-06-24 15:07:11,24.26,49.91,14.61
619,2022-06-24 15:07:41,24.26,49.97,14.61
620,2022-06-24 15:08:11,24.25,49.98,14.61
621,2022-06-24 15:08:42,24.26,49.98,14.61
622,2022-06-24 15:09:12,24.26,50.03,14.61
623,2022-06-24 15:09:42,24.25,50.05,14.61
624,2022-06-24 15:10:13,24.25,50.06,14.61
625,2022-06-24 15:10:43,24.25,50.15,14.61
626,2022-06-24 15:11:13,24.25,50.22,14.61
627,2022-06-24 15:11:44,24.26,50.24,14.61
628,2022-06-24 15:12:14,24.25,50.25,14.61
629,2022-06-24 15:12:44,24.25,50.24,14.61
630,2022-06-24 15:13:15,24.25,50.19,14.61
631,2022-06-24 15:13:45,24.25,50.24,14.61
632,2022-06-24 15:14:15,24.26,50.17,14.61
633,2022-06-24 15:14:46,24.26,50.1,14.61
634,2022-06-24 15:15:16,24.26,50.1,14.61
635,2022-06-24 15:15:46,24.27,50.05,14.61
636,2022-06-24 15:16:17,24.25,50.05,14.61
637,2022-06-24 15:16:47,24.26,50.04,14.61
638,2022-06-24 15:17:17,24.25,50.11,14.61
639,2022-06-24 15:17:48,24.26,50.05,14.61
640,2022-06-24 15:18:18,24.27,50.12,14.61
641,2022-06-24 15:18:48,24.26,50.05,14.61
642,2022-06-24 15:19:19,24.25,50.07,14.61
643,2022-06-24 15:19:49,24.26,50.13,14.61
644,2022-06-24 15:20:19,24.26,50.08,14.61
645,2022-06-24 15:20:49,24.26,50.04,14.61
646,2022-06-24 15:21:20,24.26,50.12,14.61
647,2022-06-24 15:21:50,24.26,50.17,14.61
648,2022-06-24 15:22:20,24.26,50.19,14.61
649,2022-06-24 15:22:51,24.25,50.11,14.61
650,2022-06-24 15:23:21,24.26,50.17,14.61
651,2022-06-24 15:23:51,24.25,50.21,14.61
652,2022-06-24 15:24:22,24.26,50.25,14.61
653,2022-06-24 15:24:52,24.25,50.28,14.61
654,2022-06-24 15:25:22,24.26,50.3,14.61
655,2022-06-24 15:25:53,24.25,50.4,14.61
656,2022-06-24 15:26:23,24.26,50.39,14.61
657,2022-06-24 15:26:53,24.25,50.38,14.61
658,2022-06-24 15:27:24,24.26,50.41,14.61
659,2022-06-24 15:27:54,24.26,50.44,14.61
660,2022-06-24 15:28:24,24.26,50.46,14.61
661,2022-06-24 15:28:55,24.26,50.43,14.61
662,2022-06-24 15:29:25,24.25,50.51,14.61
663,2022-06-24 15:29:55,24.26,50.47,14.61
664,2022-06-24 15:30:26,24.26,50.42,14.61
665,2022-06-24 15:30:56,24.26,50.51,14.61
666,2022-06-24 15:31:26,24.25,50.52,14.61
667,2022-06-24 15:31:57,24.27,50.53,14.61
668,2022-06-24 15:32:27,24.26,50.72,14.61
669,2022-06-24 15:32:57,24.27,50.66,14.61
670,2022-06-24 15:33:28,24.27,50.6,14.61
671,2022-06-24 15:33:58,24.25,50.59,14.61
672,2022-06-24 15:34:28,24.26,50.59,14.61
673,2022-06-24 15:34:58,24.26,50.53,14.61
674,2022-06-24 15:35:29,24.26,50.45,14.61
675,2022-06-24 15:35:59,24.27,50.44,14.61
676,2022-06-24 15:36:29,24.26,50.46,14.61
677,2022-06-24 15:37:00,24.26,50.52,14.61
678,2022-06-24 15:37:30,24.27,50.55,14.61
679,2022-06-24 15:38:00,24.26,50.58,14.61
680,2022-06-24 15:38:31,24.26,50.62,14.61
681,2022-06-24 15:39:01,24.27,50.62,14.61
682,2022-06-24 15:39:31,24.27,50.59,14.61
683,2022-06-24 15:40:02,24.27,50.55,14.61
684,2022-06-24 15:40:32,24.27,50.62,14.61
685,2022-06-24 15:41:02,24.27,50.62,14.61
686,2022-06-24 15:41:33,24.27,50.61,14.61
687,2022-06-24 15:42:03,24.27,50.67,14.61
688,2022-06-24 15:42:33,24.27,50.73,14.61
689,2022-06-24 15:43:04,24.27,50.62,14.61
690,2022-06-24 15:43:34,24.26,50.59,14.61
691,2022-06-24 15:44:04,24.27,50.68,14.61
692,2022-06-24 15:44:35,24.26,50.63,14.61
693,2022-06-24 15:45:05,24.26,50.51,14.61
694,2022-06-24 15:45:35,24.27,50.53,14.61
695,2022-06-24 15:46:06,24.27,50.41,14.61
696,2022-06-24 15:46:36,24.27,50.41,14.61
697,2022-06-24 15:47:06,24.26,50.51,14.61
698,2022-06-24 15:47:37,24.27,50.47,14.61
699,2022-06-24 15:48:07,24.27,50.39,14.61
700,2022-06-24 15:48:37,24.27,50.35,14.61
701,2022-06-24 15:49:08,24.27,50.28,14.61
702,2022-06-24 15:49:38,24.26,50.28,14.61
703,2022-06-24 15:50:08,24.27,50.35,14.61
704,2022-06-24 15:50:38,24.26,50.34,14.61
705,2022-06-24 15:51:09,24.27,50.38,14.61
706,2022-06-24 15:51:39,24.27,50.35,14.61
707,2022-06-24 15:52:09,24.26,50.36,14.61
708,2022-06-24 15:52:40,24.27,50.38,14.61
709,2022-06-24 15:53:10,24.26,50.38,14.61
710,2022-06-24 15:53:40,24.27,50.42,14.61
711,2022-06-24 15:54:11,24.27,50.44,14.61
712,2022-06-24 15:54:41,24.27,50.54,14.61
713,2022-06-24 15:55:11,24.26,50.47,14.61
714,2022-06-24 15:55:42,24.27,50.43,14.61
715,2022-06-24 15:56:12,24.27,50.43,14.61
716,2022-06-24 15:56:42,24.26,50.44,14.61
717,2022-06-24 15:57:13,24.26,50.43,14.6
718,2022-06-24 15:57:43,24.27,50.4,14.61
719,2022-06-24 15:58:13,24.27,50.4,14.61
720,2022-06-24 15:58:44,24.27,50.36,14.61
721,2022-06-24 15:59:14,24.27,50.4,14.6
722,2022-06-24 15:59:44,24.27,50.45,14.61
723,2022-06-24 16:00:15,24.26,50.43,14.6
724,2022-06-24 16:00:45,24.27,50.34,14.61
725,2022-06-24 16:01:15,24.27,50.39,14.61
726,2022-06-24 16:01:46,24.27,50.46,14.6
727,2022-06-24 16:02:16,24.26,50.5,14.61
728,2022-06-24 16:02:46,24.27,50.59,14.61
729,2022-06-24 16:03:17,24.27,50.56,14.61
730,2022-06-24 16:03:47,24.27,50.48,14.61
731,2022-06-24 16:04:17,24.27,50.44,14.61
732,2022-06-24 16:04:47,24.27,50.4,14.61
733,2022-06-24 16:05:18,24.27,50.43,14.61
734,2022-06-24 16:05:48,24.27,50.5,14.61
735,2022-06-24 16:06:18,24.27,50.44,14.61
736,2022-06-24 16:06:49,24.27,50.43,14.61
737,2022-06-24 16:07:19,24.27,50.47,14.61
738,2022-06-24 16:07:49,24.27,50.46,14.61
739,2022-06-24 16:08:20,24.27,50.45,14.61
740,2022-06-24 16:08:50,24.27,50.47,14.61
741,2022-06-24 16:09:20,24.27,50.46,14.6
742,2022-06-24 16:09:51,24.27,50.48,14.61
743,2022-06-24 16:10:21,24.27,50.48,14.6
744,2022-06-24 16:10:51,24.27,50.45,14.6
745,2022-06-24 16:11:22,24.27,50.35,14.6
746,2022-06-24 16:11:52,24.27,50.47,14.6
747,2022-06-24 16:12:22,24.27,50.43,14.61
748,2022-06-24 16:12:53,24.28,50.44,14.6
749,2022-06-24 16:13:23,24.27,50.36,14.61
750,2022-06-24 16:13:53,24.28,50.33,14.6
751,2022-06-24 16:14:24,24.27,50.44,14.6
752,2022-06-24 16:14:54,24.27,50.54,14.6
753,2022-06-24 16:15:24,24.28,50.61,14.6
754,2022-06-24 16:15:55,24.28,50.79,14.6
755,2022-06-24 16:16:25,24.28,50.77,14.6
756,2022-06-24 16:16:55,24.27,50.94,14.6
757,2022-06-24 16:17:26,24.28,51.18,14.6
758,2022-06-24 16:17:56,24.28,51.01,14.6
759,2022-06-24 16:18:26,24.28,51.01,14.6
760,2022-06-24 16:18:57,24.28,50.94,14.6
761,2022-06-24 16:19:27,24.29,50.95,14.61
762,2022-06-24 16:19:57,24.29,50.94,14.6
763,2022-06-24 16:20:27,24.29,50.94,14.61
764,2022-06-24 16:20:58,24.29,50.9,14.6
765,2022-06-24 16:21:28,24.28,50.83,14.6
766,2022-06-24 16:21:58,24.27,50.89,14.6
767,2022-06-24 16:22:29,24.29,50.82,14.6
768,2022-06-24 16:22:59,24.29,50.87,14.6
769,2022-06-24 16:23:29,24.28,50.83,14.6
770,2022-06-24 16:24:00,24.29,50.86,14.6
771,2022-06-24 16:24:30,24.28,50.86,14.6
772,2022-06-24 16:25:00,24.29,50.86,14.6
773,2022-06-24 16:25:31,24.29,50.91,14.6
774,2022-06-24 16:26:01,24.28,50.81,14.6
775,2022-06-24 16:26:31,24.29,50.86,14.6
776,2022-06-24 16:27:02,24.28,50.84,14.6
777,2022-06-24 16:27:32,24.29,50.88,14.6
778,2022-06-24 16:28:02,24.29,50.92,14.6
779,2022-06-24 16:28:33,24.29,50.98,14.6
780,2022-06-24 16:29:03,24.29,50.9,14.6
781,2022-06-24 16:29:33,24.29,50.89,14.6
782,2022-06-24 16:30:04,24.29,50.96,14.6
783,2022-06-24 16:30:34,24.28,50.87,14.6
784,2022-06-24 16:31:04,24.29,50.97,14.6
785,2022-06-24 16:31:35,24.29,50.96,14.6
786,2022-06-24 16:32:05,24.28,50.88,14.61
787,2022-06-24 16:32:35,24.29,50.94,14.6
788,2022-06-24 16:33:06,24.29,50.87,14.6
789,2022-06-24 16:33:36,24.28,50.87,14.6
790,2022-06-24 16:34:06,24.29,50.9,14.61
791,2022-06-24 16:34:36,24.29,50.9,14.61
792,2022-06-24 16:35:07,24.28,50.98,14.6
793,2022-06-24 16:35:37,24.29,51.0,14.6
794,2022-06-24 16:36:07,24.28,51.08,14.61
795,2022-06-24 16:36:38,24.29,51.01,14.61
796,2022-06-24 16:37:08,24.29,51.05,14.6
797,2022-06-24 16:37:38,24.28,51.17,14.6
798,2022-06-24 16:38:09,24.28,51.15,14.6
799,2022-06-24 16:38:39,24.28,51.18,14.6
800,2022-06-24 16:39:09,24.28,51.13,14.6
801,2022-06-24 16:39:40,24.28,51.06,14.6
802,2022-06-24 16:40:10,24.28,51.17,14.61
803,2022-06-24 16:40:40,24.28,51.12,14.6
804,2022-06-24 16:41:11,24.27,51.07,14.6
805,2022-06-24 16:41:41,24.27,51.06,14.6
806,2022-06-24 16:42:11,24.27,51.07,14.6
807,2022-06-24 16:42:42,24.27,51.07,14.6
808,2022-06-24 16:43:12,24.28,51.0,14.6
809,2022-06-24 16:43:42,24.27,51.03,14.6
810,2022-06-24 16:44:13,24.27,50.98,14.6
811,2022-06-24 16:44:43,24.27,50.93,14.6
812,2022-06-24 16:45:13,24.27,50.81,14.6
813,2022-06-24 16:45:44,24.27,50.94,14.6
814,2022-06-24 16:46:14,24.27,50.92,14.6
815,2022-06-24 16:46:44,24.27,50.97,14.6
816,2022-06-24 16:47:15,24.27,50.91,14.6
817,2022-06-24 16:47:45,24.27,50.95,14.6
818,2022-06-24 16:48:15,24.27,50.81,14.6
819,2022-06-24 16:48:46,24.27,50.89,14.6
820,2022-06-24 16:49:16,24.27,50.9,14.6
821,2022-06-24 16:49:46,24.27,50.78,14.6
822,2022-06-24 16:50:16,24.27,50.75,14.6
823,2022-06-24 16:50:47,24.27,50.77,14.6
824,2022-06-24 16:51:17,24.27,50.67,14.6
825,2022-06-24 16:51:47,24.27,50.62,14.6
826,2022-06-24 16:52:18,24.27,50.57,14.6
827,2022-06-24 16:52:48,24.27,50.56,14.6
828,2022-06-24 16:53:18,24.26,50.53,14.6
829,2022-06-24 16:53:49,24.27,50.38,14.6
830,2022-06-24 16:54:19,24.27,50.4,14.6
831,2022-06-24 16:54:49,24.27,50.4,14.6
832,2022-06-24 16:55:20,24.26,50.33,14.6
833,2022-06-24 16:55:50,24.26,50.24,14.6
834,2022-06-24 16:56:20,24.26,50.18,14.6
835,2022-06-24 16:56:51,24.26,50.18,14.6
836,2022-06-24 16:57:21,24.26,50.11,14.6
837,2022-06-24 16:57:51,24.27,50.1,14.6
838,2022-06-24 16:58:22,24.26,50.15,14.6
839,2022-06-24 16:58:52,24.27,50.12,14.6
840,2022-06-24 16:59:22,24.27,50.04,14.6
841,2022-06-24 16:59:53,24.26,50.16,14.6
842,2022-06-24 17:00:23,24.26,50.14,14.6
843,2022-06-24 17:00:53,24.25,50.13,14.6
844,2022-06-24 17:01:24,24.26,50.22,14.6
845,2022-06-24 17:01:54,24.26,50.19,14.6
846,2022-06-24 17:02:24,24.26,50.06,14.6
847,2022-06-24 17:02:55,24.26,50.0,14.6
848,2022-06-24 17:03:25,24.26,49.94,14.6
849,2022-06-24 17:03:55,24.25,49.85,14.6
850,2022-06-24 17:04:25,24.25,49.84,14.6
851,2022-06-24 17:04:56,24.26,49.74,14.6
852,2022-06-24 17:05:26,24.24,49.73,14.6
853,2022-06-24 17:05:56,24.23,49.72,14.6
854,2022-06-24 17:06:27,24.25,49.74,14.6
855,2022-06-24 17:06:57,24.24,49.7,14.6
856,2022-06-24 17:07:27,24.26,49.76,14.6
857,2022-06-24 17:07:58,24.26,49.7,14.6
858,2022-06-24 17:08:28,24.24,49.65,14.6
859,2022-06-24 17:08:58,24.25,49.62,14.6
860,2022-06-24 17:09:29,24.25,49.56,14.6
861,2022-06-24 17:09:59,24.25,49.55,14.6
862,2022-06-24 17:10:29,24.25,49.48,14.6
863,2022-06-24 17:11:00,24.24,49.39,14.6
864,2022-06-24 17:11:30,24.23,49.45,14.6
865,2022-06-24 17:12:00,24.23,49.39,14.6
866,2022-06-24 17:12:31,24.24,49.38,14.6
867,2022-06-24 17:13:01,24.24,49.51,14.6
868,2022-06-24 17:13:31,24.23,49.49,14.6
869,2022-06-24 17:14:02,24.24,49.56,14.6
870,2022-06-24 17:14:32,24.24,49.54,14.6
871,2022-06-24 17:15:02,24.24,49.62,14.6
872,2022-06-24 17:15:33,24.23,49.65,14.6
873,2022-06-24 17:16:03,24.24,49.64,14.6
874,2022-06-24 17:16:33,24.23,49.61,14.6
875,2022-06-24 17:17:04,24.23,49.66,14.6
876,2022-06-24 17:17:34,24.23,49.6,14.6
877,2022-06-24 17:18:04,24.25,49.63,14.6
878,2022-06-24 17:18:35,24.24,49.62,14.6
879,2022-06-24 17:19:05,24.24,49.59,14.6
880,2022-06-24 17:19:35,24.23,49.59,14.6
881,2022-06-24 17:20:05,24.23,49.66,14.6
882,2022-06-24 17:20:36,24.23,49.68,14.6
883,2022-06-24 17:21:06,24.24,49.71,14.6
884,2022-06-24 17:21:36,24.24,49.67,14.6
885,2022-06-24 17:22:07,24.23,49.67,14.6
886,2022-06-24 17:22:37,24.23,49.65,14.6
887,2022-06-24 17:23:07,24.24,49.7,14.6
888,2022-06-24 17:23:38,24.24,49.69,14.6
889,2022-06-24 17:24:08,24.23,49.67,14.6
890,2022-06-24 17:24:38,24.23,49.71,14.6
891,2022-06-24 17:25:09,24.23,49.75,14.6
892,2022-06-24 17:25:39,24.23,49.71,14.6
893,2022-06-24 17:26:09,24.24,49.83,14.6
894,2022-06-24 17:26:40,24.23,49.85,14.6
895,2022-06-24 17:27:10,24.23,49.89,14.6
896,2022-06-24 17:27:40,24.24,49.9,14.6
897,2022-06-24 17:28:11,24.24,49.91,14.6
898,2022-06-24 17:28:41,24.23,49.93,14.6
899,2022-06-24 17:29:11,24.23,49.9,14.6
900,2022-06-24 17:29:42,24.23,50.03,14.6
901,2022-06-24 17:30:12,24.24,49.92,14.6
902,2022-06-24 17:30:42,24.24,49.9,14.6
903,2022-06-24 17:31:13,24.24,49.86,14.6
904,2022-06-24 17:31:43,24.25,49.8,14.6
905,2022-06-24 17:32:13,24.24,49.81,14.6
906,2022-06-24 17:32:44,24.23,49.79,14.6
907,2022-06-24 17:33:14,24.24,49.79,14.6
908,2022-06-24 17:33:44,24.24,49.83,14.6
909,2022-06-24 17:34:14,24.24,49.86,14.6
910,2022-06-24 17:34:45,24.24,49.9,14.6
911,2022-06-24 17:35:15,24.24,49.95,14.6
912,2022-06-24 17:35:45,24.24,50.02,14.6
913,2022-06-24 17:36:16,24.24,49.96,14.6
914,2022-06-24 17:36:46,24.25,50.0,14.6
915,2022-06-24 17:37:16,24.24,49.99,14.6
916,2022-06-24 17:37:47,24.23,49.91,14.6
917,2022-06-24 17:38:17,24.24,49.83,14.6
918,2022-06-24 17:38:47,24.24,49.88,14.6
919,2022-06-24 17:39:18,24.25,49.81,14.6
920,2022-06-24 17:39:48,24.24,49.86,14.6
921,2022-06-24 17:40:18,24.25,49.9,14.6
922,2022-06-24 17:40:49,24.24,49.74,14.6
923,2022-06-24 17:41:19,24.24,49.79,14.6
924,2022-06-24 17:41:49,24.24,49.69,14.6
925,2022-06-24 17:42:20,24.24,49.77,14.6
926,2022-06-24 17:42:50,24.25,49.79,14.6
927,2022-06-24 17:43:20,24.24,49.83,14.6
928,2022-06-24 17:43:51,24.25,49.83,14.6
929,2022-06-24 17:44:21,24.25,49.83,14.6
930,2022-06-24 17:44:51,24.25,49.75,14.6
931,2022-06-24 17:45:22,24.25,49.77,14.6
932,2022-06-24 17:45:52,24.24,49.68,14.6
933,2022-06-24 17:46:22,24.25,49.69,14.6
934,2022-06-24 17:46:53,24.25,49.73,14.6
935,2022-06-24 17:47:23,24.24,49.85,14.6
936,2022-06-24 17:47:53,24.25,49.84,14.6
937,2022-06-24 17:48:24,24.25,49.76,14.6
938,2022-06-24 17:48:54,24.25,49.9,14.6
939,2022-06-24 17:49:24,24.25,49.85,14.6
940,2022-06-24 17:49:54,24.25,49.86,14.6
941,2022-06-24 17:50:25,24.25,49.78,14.6
942,2022-06-24 17:50:55,24.25,49.83,14.6
943,2022-06-24 17:51:25,24.26,49.84,14.6
944,2022-06-24 17:51:56,24.25,49.91,14.6
945,2022-06-24 17:52:26,24.25,49.96,14.6
946,2022-06-24 17:52:56,24.26,49.82,14.6
947,2022-06-24 17:53:27,24.25,49.91,14.6
948,2022-06-24 17:53:57,24.25,49.8,14.6
949,2022-06-24 17:54:27,24.25,49.75,14.6
950,2022-06-24 17:54:58,24.25,49.76,14.6
951,2022-06-24 17:55:28,24.26,49.64,14.6
952,2022-06-24 17:55:58,24.26,49.69,14.6
953,2022-06-24 17:56:29,24.26,49.58,14.6
954,2022-06-24 17:56:59,24.25,49.43,14.6
955,2022-06-24 17:57:29,24.26,49.38,14.6
956,2022-06-24 17:58:00,24.25,49.32,14.6
957,2022-06-24 17:58:30,24.26,49.36,14.6
958,2022-06-24 17:59:00,24.26,49.4,14.6
959,2022-06-24 17:59:31,24.25,49.38,14.6
960,2022-06-24 18:00:01,24.26,49.35,14.6
961,2022-06-24 18:00:31,24.26,49.27,14.6
962,2022-06-24 18:01:02,24.25,49.39,14.6
963,2022-06-24 18:01:32,24.25,49.35,14.6
964,2022-06-24 18:02:02,24.25,49.35,14.6
965,2022-06-24 18:02:33,24.26,49.35,14.6
966,2022-06-24 18:03:03,24.25,49.3,14.6
967,2022-06-24 18:03:33,24.26,49.29,14.6
968,2022-06-24 18:04:04,24.26,49.37,14.6
969,2022-06-24 18:04:34,24.26,49.25,14.6
970,2022-06-24 18:05:04,24.26,49.15,14.6
971,2022-06-24 18:05:34,24.26,49.19,14.6
972,2022-06-24 18:06:05,24.24,49.16,14.6
973,2022-06-24 18:06:35,24.25,49.14,14.6
974,2022-06-24 18:07:05,24.26,49.19,14.6
975,2022-06-24 18:07:36,24.25,49.19,14.6
976,2022-06-24 18:08:06,24.25,49.12,14.6
977,2022-06-24 18:08:36,24.25,49.06,14.6
978,2022-06-24 18:09:07,24.25,49.03,14.6
979,2022-06-24 18:09:37,24.25,49.0,14.6
980,2022-06-24 18:10:07,24.25,48.85,14.6
981,2022-06-24 18:10:38,24.25,48.79,14.6
982,2022-06-24 18:11:08,24.25,48.77,14.6
983,2022-06-24 18:11:38,24.25,48.64,14.6
984,2022-06-24 18:12:09,24.25,48.6,14.6
985,2022-06-24 18:12:39,24.25,48.56,14.6
986,2022-06-24 18:13:09,24.24,48.53,14.6
987,2022-06-24 18:13:40,24.24,48.48,14.6
988,2022-06-24 18:14:10,24.25,48.47,14.6
989,2022-06-24 18:14:40,24.24,48.4,14.6
990,2022-06-24 18:15:11,24.25,48.41,14.6
991,2022-06-24 18:15:41,24.24,48.4,14.6
992,2022-06-24 18:16:11,24.25,48.41,14.6
993,2022-06-24 18:16:42,24.24,48.34,14.6
994,2022-06-24 18:17:12,24.25,48.39,14.6
995,2022-06-24 18:17:42,24.23,48.38,14.6
996,2022-06-24 18:18:13,24.24,48.44,14.6
997,2022-06-24 18:18:43,24.25,48.34,14.6
998,2022-06-24 18:19:13,24.24,48.43,14.6
999,2022-06-24 18:19:44,24.24,48.36,14.6
1000,2022-06-24 18:20:14,24.24,48.37,14.6
1001,2022-06-24 18:20:44,24.24,48.36,14.6
1002,2022-06-24 18:21:14,24.25,48.4,14.6
1003,2022-06-24 18:21:45,24.25,48.36,14.6
1004,2022-06-24 18:22:15,24.24,48.37,14.6
1005,2022-06-24 18:22:45,24.25,48.38,14.6
1006,2022-06-24 18:23:16,24.24,48.39,14.6
1007,2022-06-24 18:23:46,24.24,48.36,14.6
1008,2022-06-24 18:24:16,24.24,48.37,14.6
1009,2022-06-24 18:24:47,24.25,48.4,14.6
1010,2022-06-24 18:25:17,24.23,48.36,14.6
1011,2022-06-24 18:25:47,24.24,48.38,14.6
1012,2022-06-24 18:26:18,24.24,48.37,14.6
1013,2022-06-24 18:26:48,24.24,48.36,14.6
1014,2022-06-24 18:27:18,24.25,48.37,14.6
1015,2022-06-24 18:27:49,24.25,48.35,14.6
1016,2022-06-24 18:28:19,24.25,48.37,14.6
1017,2022-06-24 18:28:49,24.25,48.36,14.6
1018,2022-06-24 18:29:20,24.24,48.34,14.6
1019,2022-06-24 18:29:50,24.25,48.33,14.6
1020,2022-06-24 18:30:20,24.25,48.4,14.6
1021,2022-06-24 18:30:51,24.24,48.36,14.6
1022,2022-06-24 18:31:21,24.25,48.33,14.6
1023,2022-06-24 18:31:51,24.25,48.32,14.6
1024,2022-06-24 18:32:22,24.24,48.28,14.6
1025,2022-06-24 18:32:52,24.25,48.18,14.6
1026,2022-06-24 18:33:22,24.24,48.2,14.6
1027,2022-06-24 18:33:53,24.25,48.18,14.6
1028,2022-06-24 18:34:23,24.25,48.13,14.6
1029,2022-06-24 18:34:53,24.24,48.11,14.6
1030,2022-06-24 18:35:23,24.24,48.06,14.6
1031,2022-06-24 18:35:54,24.24,48.07,14.6
1032,2022-06-24 18:36:24,24.24,48.05,14.6
1033,2022-06-24 18:36:54,24.24,48.0,14.6
1034,2022-06-24 18:37:25,24.24,47.96,14.6
1035,2022-06-24 18:37:55,24.24,47.95,14.6
1036,2022-06-24 18:38:25,24.23,47.95,14.6
1037,2022-06-24 18:38:56,24.24,47.94,14.6
1038,2022-06-24 18:39:26,24.24,47.93,14.6
1039,2022-06-24 18:39:56,24.24,47.93,14.6
1040,2022-06-24 18:40:27,24.24,47.9,14.6
1041,2022-06-24 18:40:57,24.24,47.96,14.6
1042,2022-06-24 18:41:27,24.24,47.91,14.6
1043,2022-06-24 18:41:58,24.24,47.87,14.6
1044,2022-06-24 18:42:28,24.24,47.95,14.6
1045,2022-06-24 18:42:58,24.24,47.99,14.6
1046,2022-06-24 18:43:29,24.24,48.01,14.6
1047,2022-06-24 18:43:59,24.24,47.97,14.6
1048,2022-06-24 18:44:29,24.24,48.02,14.6
1049,2022-06-24 18:45:00,24.24,48.02,14.6
1050,2022-06-24 18:45:30,24.25,48.0,14.6
1051,2022-06-24 18:46:00,24.24,48.02,14.6
1052,2022-06-24 18:46:31,24.25,48.08,14.6
1053,2022-06-24 18:47:01,24.24,48.04,14.6
1054,2022-06-24 18:47:31,24.24,48.09,14.6
1055,2022-06-24 18:48:02,24.23,48.09,14.6
1056,2022-06-24 18:48:32,24.24,48.06,14.61
1057,2022-06-24 18:49:02,24.24,48.07,14.6
1058,2022-06-24 18:49:33,24.24,48.06,14.6
1059,2022-06-24 18:50:03,24.24,48.1,14.6
1060,2022-06-24 18:50:33,24.24,48.04,14.6
1061,2022-06-24 18:51:03,24.23,48.05,14.6
1062,2022-06-24 18:51:34,24.24,48.08,14.6
1063,2022-06-24 18:52:04,24.23,48.01,14.6
1064,2022-06-24 18:52:34,24.23,48.06,14.6
1065,2022-06-24 18:53:05,24.23,48.03,14.6
1066,2022-06-24 18:53:35,24.23,48.04,14.6
1067,2022-06-24 18:54:05,24.23,48.07,14.6
1068,2022-06-24 18:54:36,24.24,48.03,14.6
1069,2022-06-24 18:55:06,24.24,48.01,14.6
1070,2022-06-24 18:55:36,24.24,48.13,14.6
1071,2022-06-24 18:56:07,24.23,48.08,14.6
1072,2022-06-24 18:56:37,24.23,48.07,14.6
1073,2022-06-24 18:57:07,24.23,48.16,14.6
1074,2022-06-24 18:57:38,24.23,48.12,14.61
1075,2022-06-24 18:58:08,24.24,48.15,14.6
1076,2022-06-24 18:58:38,24.23,48.16,14.6
1077,2022-06-24 18:59:09,24.23,48.17,14.6
1078,2022-06-24 18:59:39,24.23,48.18,14.6
1079,2022-06-24 19:00:09,24.23,48.17,14.61
1080,2022-06-24 19:00:40,24.23,48.2,14.6
1081,2022-06-24 19:01:10,24.23,48.24,14.61
1082,2022-06-24 19:01:40,24.23,48.3,14.61
1083,2022-06-24 19:02:11,24.23,48.33,14.61
1084,2022-06-24 19:02:41,24.23,48.38,14.6
1085,2022-06-24 19:03:11,24.24,48.35,14.61
1086,2022-06-24 19:03:42,24.23,48.44,14.6
1087,2022-06-24 19:04:12,24.24,48.42,14.61
1088,2022-06-24 19:04:42,24.23,48.45,14.61
1089,2022-06-24 19:05:12,24.24,48.52,14.61
1090,2022-06-24 19:05:43,24.24,48.46,14.61
1091,2022-06-24 19:06:13,24.23,48.53,14.61
1092,2022-06-24 19:06:43,24.22,48.49,14.6
1093,2022-06-24 19:07:14,24.23,48.55,14.6
1094,2022-06-24 19:07:44,24.23,48.46,14.61
1095,2022-06-24 19:08:14,24.23,48.47,14.6
1096,2022-06-24 19:08:45,24.23,48.49,14.61
1097,2022-06-24 19:09:15,24.23,48.54,14.6
1098,2022-06-24 19:09:45,24.23,48.49,14.6
1099,2022-06-24 19:10:16,24.23,48.47,14.61
1100,2022-06-24 19:10:46,24.23,48.46,14.6
1101,2022-06-24 19:11:16,24.23,48.51,14.61
1102,2022-06-24 19:11:47,24.23,48.5,14.6
1103,2022-06-24 19:12:17,24.23,48.5,14.61
1104,2022-06-24 19:12:47,24.23,48.5,14.61
1105,2022-06-24 19:13:18,24.23,48.47,14.61
1106,2022-06-24 19:13:48,24.23,48.58,14.61
1107,2022-06-24 19:14:18,24.23,48.5,14.61
1108,2022-06-24 19:14:49,24.23,48.49,14.61
1109,2022-06-24 19:15:19,24.23,48.53,14.61
1110,2022-06-24 19:15:49,24.23,48.55,14.6
1111,2022-06-24 19:16:20,24.22,48.53,14.61
1112,2022-06-24 19:16:50,24.23,48.52,14.61
1113,2022-06-24 19:17:20,24.23,48.56,14.61
1114,2022-06-24 19:17:51,24.23,48.55,14.61
1115,2022-06-24 19:18:21,24.23,48.51,14.61
1116,2022-06-24 19:18:51,24.23,48.49,14.61
1117,2022-06-24 19:19:22,24.23,48.56,14.61
1118,2022-06-24 19:19:52,24.23,48.57,14.61
1119,2022-06-24 19:20:22,24.23,48.56,14.61
1120,2022-06-24 19:20:52,24.23,48.6,14.61
1121,2022-06-24 19:21:23,24.23,48.62,14.61
1122,2022-06-24 19:21:53,24.23,48.67,14.61
1123,2022-06-24 19:22:23,24.23,48.73,14.61
1124,2022-06-24 19:22:54,24.23,48.76,14.61
1125,2022-06-24 19:23:24,24.23,48.8,14.61
1126,2022-06-24 19:23:54,24.23,48.8,14.61
1127,2022-06-24 19:24:25,24.22,48.79,14.61
1128,2022-06-24 19:24:55,24.22,48.8,14.61
1129,2022-06-24 19:25:25,24.23,48.79,14.61
1130,2022-06-24 19:25:56,24.23,48.84,14.61
1131,2022-06-24 19:26:26,24.23,48.86,14.61
1132,2022-06-24 19:26:56,24.23,48.86,14.6
1133,2022-06-24 19:27:27,24.23,48.91,14.61
1134,2022-06-24 19:27:57,24.23,48.84,14.61
1135,2022-06-24 19:28:27,24.23,48.82,14.61
1136,2022-06-24 19:28:58,24.22,48.85,14.61
1137,2022-06-24 19:29:28,24.23,48.83,14.61
1138,2022-06-24 19:29:58,24.23,48.8,14.61
1139,2022-06-24 19:30:29,24.23,48.84,14.61
1140,2022-06-24 19:30:59,24.23,48.85,14.61
1141,2022-06-24 19:31:29,24.23,48.87,14.61
1142,2022-06-24 19:32:00,24.23,48.83,14.61
1143,2022-06-24 19:32:30,24.23,48.86,14.61
1144,2022-06-24 19:33:00,24.23,48.92,14.61
1145,2022-06-24 19:33:31,24.23,48.92,14.61
1146,2022-06-24 19:34:01,24.23,48.89,14.61
1147,2022-06-24 19:34:31,24.23,48.96,14.61
1148,2022-06-24 19:35:01,24.23,48.96,14.61
1149,2022-06-24 19:35:32,24.23,48.99,14.61
1150,2022-06-24 19:36:02,24.23,49.02,14.61
1151,2022-06-24 19:36:32,24.23,49.08,14.61
1152,2022-06-24 19:37:03,24.23,49.06,14.61
1153,2022-06-24 19:37:33,24.23,49.15,14.61
1154,2022-06-24 19:38:03,24.23,49.12,14.61
1155,2022-06-24 19:38:34,24.23,49.17,14.61
1156,2022-06-24 19:39:04,24.23,49.18,14.61
1157,2022-06-24 19:39:34,24.23,49.19,14.61
1158,2022-06-24 19:40:05,24.23,49.15,14.61
1159,2022-06-24 19:40:35,24.23,49.26,14.61
1160,2022-06-24 19:41:05,24.23,49.2,14.61
1161,2022-06-24 19:41:36,24.23,49.28,14.61
1162,2022-06-24 19:42:06,24.23,49.29,14.61
1163,2022-06-24 19:42:36,24.23,49.3,14.61
1164,2022-06-24 19:43:07,24.23,49.38,14.61
1165,2022-06-24 19:43:37,24.22,49.38,14.61
1166,2022-06-24 19:44:07,24.23,49.38,14.61
1167,2022-06-24 19:44:38,24.23,49.44,14.61
1168,2022-06-24 19:45:08,24.23,49.44,14.61
1169,2022-06-24 19:45:38,24.23,49.44,14.61
1170,2022-06-24 19:46:09,24.23,49.47,14.61
1171,2022-06-24 19:46:39,24.22,49.53,14.61
1172,2022-06-24 19:47:09,24.23,49.52,14.61
1173,2022-06-24 19:47:40,24.23,49.55,14.61
1174,2022-06-24 19:48:10,24.23,49.66,14.61
1175,2022-06-24 19:48:40,24.23,49.71,14.61
1176,2022-06-24 19:49:11,24.23,49.71,14.61
1177,2022-06-24 19:49:41,24.23,49.74,14.61
1178,2022-06-24 19:50:11,24.23,49.75,14.61
1179,2022-06-24 19:50:41,24.22,49.69,14.61
1180,2022-06-24 19:51:12,24.22,49.8,14.61
1181,2022-06-24 19:51:42,24.22,49.87,14.61
1182,2022-06-24 19:52:12,24.22,49.85,14.61
1183,2022-06-24 19:52:43,24.22,49.88,14.61
1184,2022-06-24 19:53:13,24.23,49.91,14.61
1185,2022-06-24 19:53:43,24.23,49.89,14.61
1186,2022-06-24 19:54:14,24.22,49.85,14.61
1187,2022-06-24 19:54:44,24.22,49.86,14.61
1188,2022-06-24 19:55:14,24.22,49.87,14.61
1189,2022-06-24 19:55:45,24.23,49.88,14.61
1190,2022-06-24 19:56:15,24.22,49.92,14.61
1191,2022-06-24 19:56:45,24.22,49.96,14.61
1192,2022-06-24 19:57:16,24.22,49.95,14.61
1193,2022-06-24 19:57:46,24.23,49.91,14.61
1194,2022-06-24 19:58:16,24.22,49.98,14.61
1195,2022-06-24 19:58:47,24.22,49.98,14.61
1196,2022-06-24 19:59:17,24.22,49.99,14.61
1197,2022-06-24 19:59:47,24.23,50.04,14.61
1198,2022-06-24 20:00:18,24.22,50.02,14.61
1199,2022-06-24 20:00:48,24.22,50.04,14.61
1200,2022-06-24 20:01:18,24.23,49.99,14.61
1201,2022-06-24 20:01:49,24.22,50.02,14.61
1202,2022-06-24 20:02:19,24.22,50.11,14.61
1203,2022-06-24 20:02:49,24.23,50.15,14.61
1204,2022-06-24 20:03:20,24.23,50.07,14.61
1205,2022-06-24 20:03:50,24.23,50.15,14.61
1206,2022-06-24 20:04:20,24.23,50.12,14.61
1207,2022-06-24 20:04:50,24.23,50.13,14.61
1208,2022-06-24 20:05:21,24.23,50.17,14.61
1209,2022-06-24 20:05:51,24.23,50.24,14.61
1210,2022-06-24 20:06:21,24.22,50.29,14.61
1211,2022-06-24 20:06:52,24.23,50.27,14.61
1212,2022-06-24 20:07:22,24.23,50.25,14.61
1213,2022-06-24 20:07:52,24.23,50.31,14.61
1214,2022-06-24 20:08:23,24.23,50.34,14.61
1215,2022-06-24 20:08:53,24.22,50.3,14.61
1216,2022-06-24 20:09:23,24.23,50.34,14.61
1217,2022-06-24 20:09:54,24.23,50.36,14.61
1218,2022-06-24 20:10:24,24.23,50.39,14.61
1219,2022-06-24 20:10:54,24.23,50.37,14.61
1220,2022-06-24 20:11:25,24.23,50.36,14.61
1221,2022-06-24 20:11:55,24.22,50.41,14.61
1222,2022-06-24 20:12:25,24.23,50.46,14.61
1223,2022-06-24 20:12:56,24.22,50.54,14.61
1224,2022-06-24 20:13:26,24.23,50.47,14.61
1225,2022-06-24 20:13:56,24.22,50.5,14.61
1226,2022-06-24 20:14:27,24.23,50.51,14.61
1227,2022-06-24 20:14:57,24.22,50.51,14.61
1228,2022-06-24 20:15:27,24.23,50.56,14.61
1229,2022-06-24 20:15:58,24.22,50.53,14.61
1230,2022-06-24 20:16:28,24.23,50.51,14.61
1231,2022-06-24 20:16:58,24.23,50.57,14.61
1232,2022-06-24 20:17:29,24.23,50.6,14.61
1233,2022-06-24 20:17:59,24.23,50.63,14.61
1234,2022-06-24 20:18:29,24.22,50.61,14.61
1235,2022-06-24 20:19:00,24.23,50.6,14.61
1236,2022-06-24 20:19:30,24.23,50.63,14.61
1237,2022-06-24 20:20:00,24.23,50.61,14.61
1238,2022-06-24 20:20:30,24.23,50.6,14.61
1239,2022-06-24 20:21:01,24.23,50.65,14.61
1240,2022-06-24 20:21:31,24.23,50.64,14.61
1241,2022-06-24 20:22:01,24.23,50.7,14.61
1242,2022-06-24 20:22:32,24.23,50.59,14.61
1243,2022-06-24 20:23:02,24.23,50.73,14.61
1244,2022-06-24 20:23:32,24.23,50.64,14.61
1245,2022-06-24 20:24:03,24.23,50.65,14.61
1246,2022-06-24 20:24:33,24.22,50.63,14.61
1247,2022-06-24 20:25:03,24.23,50.62,14.61
1248,2022-06-24 20:25:34,24.23,50.66,14.61
1249,2022-06-24 20:26:04,24.22,50.69,14.61
1250,2022-06-24 20:26:34,24.22,50.68,14.61
1251,2022-06-24 20:27:05,24.23,50.67,14.61
1252,2022-06-24 20:27:35,24.23,50.65,14.61
1253,2022-06-24 20:28:05,24.23,50.65,14.61
1254,2022-06-24 20:28:36,24.23,50.62,14.61
1255,2022-06-24 20:29:06,24.23,50.61,14.61
1256,2022-06-24 20:29:36,24.23,50.61,14.61
1257,2022-06-24 20:30:07,24.23,50.6,14.61
1258,2022-06-24 20:30:37,24.23,50.57,14.61
1259,2022-06-24 20:31:07,24.23,50.5,14.61
1260,2022-06-24 20:31:38,24.23,50.54,14.61
1261,2022-06-24 20:32:08,24.23,50.52,14.61
1262,2022-06-24 20:32:38,24.23,50.52,14.61
1263,2022-06-24 20:33:09,24.23,50.5,14.61
1264,2022-06-24 20:33:39,24.23,50.47,14.61
1265,2022-06-24 20:34:09,24.23,50.49,14.61
1266,2022-06-24 20:34:39,24.23,50.47,14.61
1267,2022-06-24 20:35:10,24.23,50.53,14.61
1268,2022-06-24 20:35:40,24.23,50.47,14.61
1269,2022-06-24 20:36:10,24.24,50.51,14.61
1270,2022-06-24 20:36:41,24.23,50.48,14.61
1271,2022-06-24 20:37:11,24.23,50.5,14.61
1272,2022-06-24 20:37:41,24.23,50.49,14.61
1273,2022-06-24 20:38:12,24.23,50.47,14.61
1274,2022-06-24 20:38:42,24.23,50.44,14.61
1275,2022-06-24 20:39:12,24.23,50.44,14.61
1276,2022-06-24 20:39:43,24.23,50.43,14.61
1277,2022-06-24 20:40:13,24.23,50.4,14.61
1278,2022-06-24 20:40:43,24.23,50.39,14.62
1279,2022-06-24 20:41:14,24.23,50.43,14.61
1280,2022-06-24 20:41:44,24.23,50.47,14.62
1281,2022-06-24 20:42:14,24.23,50.45,14.61
1282,2022-06-24 20:42:45,24.23,50.46,14.61
1283,2022-06-24 20:43:15,24.23,50.47,14.61
1284,2022-06-24 20:43:45,24.23,50.52,14.61
1285,2022-06-24 20:44:16,24.23,50.55,14.61
1286,2022-06-24 20:44:46,24.23,50.52,14.62
1287,2022-06-24 20:45:16,24.23,50.54,14.62
1288,2022-06-24 20:45:47,24.23,50.52,14.61
1289,2022-06-24 20:46:17,24.23,50.49,14.61
1290,2022-06-24 20:46:47,24.23,50.45,14.62
1291,2022-06-24 20:47:18,24.24,50.52,14.62
1292,2022-06-24 20:47:48,24.24,50.5,14.62
1293,2022-06-24 20:48:18,24.24,50.45,14.62
1294,2022-06-24 20:48:49,24.24,50.45,14.62
1295,2022-06-24 20:49:19,24.23,50.47,14.62
1296,2022-06-24 20:49:49,24.23,50.44,14.61
1297,2022-06-24 20:50:19,24.24,50.5,14.61
1298,2022-06-24 20:50:50,24.24,50.42,14.62
1299,2022-06-24 20:51:20,24.24,50.55,14.62
1300,2022-06-24 20:51:50,24.23,50.53,14.62
1301,2022-06-24 20:52:21,24.23,50.58,14.62
1302,2022-06-24 20:52:51,24.23,50.57,14.61
1303,2022-06-24 20:53:21,24.23,50.51,14.62
1304,2022-06-24 20:53:52,24.24,50.5,14.62
1305,2022-06-24 20:54:22,24.24,50.47,14.62
1306,2022-06-24 20:54:52,24.23,50.44,14.62
1307,2022-06-24 20:55:23,24.23,50.4,14.62
1308,2022-06-24 20:55:53,24.24,50.35,14.62
1309,2022-06-24 20:56:23,24.24,50.37,14.62
1310,2022-06-24 20:56:54,24.23,50.39,14.62
1311,2022-06-24 20:57:24,24.23,50.35,14.62
1312,2022-06-24 20:57:54,24.23,50.44,14.62
1313,2022-06-24 20:58:25,24.23,50.44,14.62
1314,2022-06-24 20:58:55,24.23,50.41,14.62
1315,2022-06-24 20:59:25,24.23,50.35,14.62
1316,2022-06-24 20:59:56,24.23,50.39,14.62
1317,2022-06-24 21:00:26,24.23,50.38,14.62
1318,2022-06-24 21:00:56,24.23,50.31,14.62
1319,2022-06-24 21:01:27,24.23,50.32,14.62
1320,2022-06-24 21:01:57,24.23,50.26,14.62
1321,2022-06-24 21:02:27,24.23,50.2,14.62
1322,2022-06-24 21:02:58,24.23,50.18,14.62
1323,2022-06-24 21:03:28,24.24,50.23,14.62
1324,2022-06-24 21:03:58,24.23,50.2,14.62
1325,2022-06-24 21:04:28,24.23,50.14,14.62
1326,2022-06-24 21:04:59,24.23,50.17,14.62
1327,2022-06-24 21:05:29,24.23,50.24,14.62
1328,2022-06-24 21:05:59,24.23,50.18,14.62
1329,2022-06-24 21:06:30,24.23,50.22,14.62
1330,2022-06-24 21:07:00,24.23,50.21,14.62
1331,2022-06-24 21:07:30,24.23,50.24,14.62
1332,2022-06-24 21:08:01,24.23,50.13,14.62
1333,2022-06-24 21:08:31,24.23,50.17,14.62
1334,2022-06-24 21:09:01,24.23,50.12,14.62
1335,2022-06-24 21:09:32,24.23,50.13,14.62
1336,2022-06-24 21:10:02,24.23,50.11,14.62
1337,2022-06-24 21:10:32,24.23,50.03,14.62
1338,2022-06-24 21:11:03,24.23,50.03,14.62
1339,2022-06-24 21:11:33,24.23,50.02,14.62
1340,2022-06-24 21:12:03,24.23,50.08,14.62
1341,2022-06-24 21:12:34,24.23,50.06,14.62
1342,2022-06-24 21:13:04,24.23,50.11,14.62
1343,2022-06-24 21:13:34,24.23,50.12,14.62
1344,2022-06-24 21:14:05,24.23,50.09,14.62
1345,2022-06-24 21:14:35,24.23,50.15,14.62
1346,2022-06-24 21:15:05,24.22,50.11,14.62
1347,2022-06-24 21:15:36,24.23,50.1,14.62
1348,2022-06-24 21:16:06,24.23,50.14,14.62
1349,2022-06-24 21:16:36,24.22,50.05,14.62
1350,2022-06-24 21:17:07,24.23,50.03,14.62
1351,2022-06-24 21:17:37,24.23,49.98,14.62
1352,2022-06-24 21:18:07,24.23,49.96,14.62
1353,2022-06-24 21:18:37,24.23,49.96,14.62
1354,2022-06-24 21:19:08,24.23,49.95,14.62
1355,2022-06-24 21:19:38,24.23,49.99,14.62
1356,2022-06-24 21:20:08,24.23,50.02,14.62
1357,2022-06-24 21:20:39,24.23,50.05,14.62
1358,2022-06-24 21:21:09,24.24,50.01,14.62
1359,2022-06-24 21:21:39,24.23,50.04,14.62
1360,2022-06-24 21:22:10,24.23,50.01,14.62
1361,2022-06-24 21:22:40,24.23,50.02,14.62
1362,2022-06-24 21:23:10,24.23,49.97,14.62
1363,2022-06-24 21:23:41,24.23,49.96,14.62
1364,2022-06-24 21:24:11,24.23,49.95,14.62
1365,2022-06-24 21:24:41,24.23,49.93,14.62
1366,2022-06-24 21:25:12,24.23,49.92,14.62
1367,2022-06-24 21:25:42,24.23,49.93,14.62
1368,2022-06-24 21:26:12,24.23,49.89,14.62
1369,2022-06-24 21:26:43,24.23,49.95,14.62
1370,2022-06-24 21:27:13,24.23,49.94,14.62
1371,2022-06-24 21:27:43,24.23,49.93,14.62
1372,2022-06-24 21:28:14,24.24,49.96,14.62
1373,2022-06-24 21:28:44,24.23,49.98,14.62
1374,2022-06-24 21:29:14,24.24,49.95,14.62
1375,2022-06-24 21:29:45,24.23,49.95,14.62
1376,2022-06-24 21:30:15,24.23,49.9,14.62
1377,2022-06-24 21:30:45,24.23,49.95,14.62
1378,2022-06-24 21:31:16,24.24,49.9,14.62
1379,2022-06-24 21:31:46,24.24,49.94,14.62
1380,2022-06-24 21:32:16,24.23,49.89,14.62
1381,2022-06-24 21:32:47,24.23,49.89,14.62
1382,2022-06-24 21:33:17,24.24,49.84,14.62
1383,2022-06-24 21:33:47,24.24,49.81,14.62
1384,2022-06-24 21:34:17,24.23,49.88,14.62
1385,2022-06-24 21:34:48,24.24,49.92,14.62
1386,2022-06-24 21:35:18,24.23,49.91,14.62
1387,2022-06-24 21:35:48,24.23,49.89,14.62
1388,2022-06-24 21:36:19,24.24,49.89,14.62
1389,2022-06-24 21:36:49,24.24,49.95,14.62
1390,2022-06-24 21:37:19,24.24,49.99,14.62
1391,2022-06-24 21:37:50,24.24,50.04,14.62
1392,2022-06-24 21:38:20,24.24,50.0,14.62
1393,2022-06-24 21:38:50,24.24,49.99,14.62
1394,2022-06-24 21:39:21,24.23,50.0,14.62
1395,2022-06-24 21:39:51,24.24,49.94,14.62
1396,2022-06-24 21:40:21,24.23,49.96,14.62
1397,2022-06-24 21:40:52,24.23,49.93,14.62
1398,2022-06-24 21:41:22,24.24,49.94,14.62
1399,2022-06-24 21:41:52,24.23,49.96,14.62
1400,2022-06-24 21:42:23,24.24,49.99,14.62
1401,2022-06-24 21:42:53,24.23,49.95,14.62
1402,2022-06-24 21:43:23,24.23,50.0,14.62
1403,2022-06-24 21:43:54,24.24,50.07,14.63
1404,2022-06-24 21:44:24,24.24,50.02,14.62
1405,2022-06-24 21:44:54,24.23,50.04,14.62
1406,2022-06-24 21:45:25,24.23,50.05,14.62
1407,2022-06-24 21:45:55,24.24,50.06,14.63
1408,2022-06-24 21:46:25,24.24,50.18,14.63
1409,2022-06-24 21:46:56,24.23,50.12,14.63
1410,2022-06-24 21:47:26,24.24,50.1,14.63
1411,2022-06-24 21:47:56,24.24,50.04,14.63
1412,2022-06-24 21:48:26,24.24,50.07,14.63
1413,2022-06-24 21:48:57,24.23,50.11,14.63
1414,2022-06-24 21:49:27,24.24,50.12,14.63
1415,2022-06-24 21:49:57,24.24,50.08,14.62
1416,2022-06-24 21:50:28,24.25,50.09,14.62
1417,2022-06-24 21:50:58,24.23,50.12,14.63
1418,2022-06-24 21:51:28,24.24,50.08,14.62
1419,2022-06-24 21:51:59,24.23,50.13,14.63
1420,2022-06-24 21:52:29,24.23,50.13,14.63
1421,2022-06-24 21:52:59,24.23,50.11,14.63
1422,2022-06-24 21:53:30,24.24,50.17,14.63
1423,2022-06-24 21:54:00,24.24,50.15,14.63
1424,2022-06-24 21:54:30,24.23,50.09,14.63
1425,2022-06-24 21:55:01,24.23,50.15,14.63
1426,2022-06-24 21:55:31,24.23,50.14,14.63
1427,2022-06-24 21:56:01,24.24,50.06,14.63
1428,2022-06-24 21:56:32,24.24,50.06,14.63
1429,2022-06-24 21:57:02,24.24,50.05,14.63
1430,2022-06-24 21:57:32,24.23,50.01,14.63
1431,2022-06-24 21:58:03,24.24,49.97,14.63
1432,2022-06-24 21:58:33,24.24,50.01,14.63
1433,2022-06-24 21:59:03,24.24,49.99,14.63
1434,2022-06-24 21:59:34,24.25,49.99,14.63
1435,2022-06-24 22:00:04,24.23,49.97,14.63
1436,2022-06-24 22:00:34,24.24,50.0,14.63
1437,2022-06-24 22:01:05,24.23,50.01,14.63
1438,2022-06-24 22:01:35,24.23,49.94,14.63
1439,2022-06-24 22:02:05,24.24,50.02,14.63
1440,2022-06-24 22:02:36,24.24,49.93,14.63
1441,2022-06-24 22:03:06,24.24,50.0,14.63
1442,2022-06-24 22:03:36,24.24,50.01,14.63
1443,2022-06-24 22:04:06,24.24,49.96,14.63
1444,2022-06-24 22:04:37,24.24,49.93,14.63
1445,2022-06-24 22:05:07,24.24,49.85,14.63
1446,2022-06-24 22:05:37,24.23,49.87,14.63
1447,2022-06-24 22:06:08,24.25,49.9,14.63
1448,2022-06-24 22:06:38,24.24,49.87,14.63
1449,2022-06-24 22:07:08,24.24,49.83,14.63
1450,2022-06-24 22:07:39,24.24,49.86,14.63
1451,2022-06-24 22:08:09,24.24,49.88,14.63
1452,2022-06-24 22:08:39,24.24,49.83,14.63
1453,2022-06-24 22:09:10,24.24,49.81,14.63
1454,2022-06-24 22:09:40,24.25,49.78,14.63
1455,2022-06-24 22:10:10,24.24,49.83,14.63
1456,2022-06-24 22:10:41,24.24,49.81,14.63
1457,2022-06-24 22:11:11,24.24,49.77,14.63
1458,2022-06-24 22:11:41,24.24,49.8,14.63
1459,2022-06-24 22:12:12,24.24,49.78,14.63
1460,2022-06-24 22:12:42,24.25,49.79,14.63
1461,2022-06-24 22:13:12,24.24,49.73,14.63
1462,2022-06-24 22:13:43,24.25,49.73,14.63
1463,2022-06-24 22:14:13,24.25,49.71,14.63
1464,2022-06-24 22:14:43,24.24,49.67,14.63
1465,2022-06-24 22:15:14,24.24,49.72,14.63
1466,2022-06-24 22:15:44,24.24,49.64,14.63
1467,2022-06-24 22:16:14,24.25,49.67,14.63
1468,2022-06-24 22:16:45,24.23,49.64,14.63
1469,2022-06-24 22:17:15,24.23,49.62,14.63
1470,2022-06-24 22:17:45,24.24,49.63,14.63
1471,2022-06-24 22:18:15,24.24,49.6,14.63
1472,2022-06-24 22:18:46,24.24,49.64,14.63
1473,2022-06-24 22:19:16,24.23,49.58,14.63
1474,2022-06-24 22:19:46,24.24,49.64,14.63
1475,2022-06-24 22:20:17,24.25,49.53,14.63
1476,2022-06-24 22:20:47,24.25,49.46,14.63
1477,2022-06-24 22:21:17,24.24,49.5,14.63
1478,2022-06-24 22:21:48,24.25,49.52,14.63
1479,2022-06-24 22:22:18,24.24,49.43,14.63
1480,2022-06-24 22:22:48,24.23,49.46,14.63
1481,2022-06-24 22:23:19,24.24,49.44,14.63
1482,2022-06-24 22:23:49,24.23,49.43,14.63
1483,2022-06-24 22:24:19,24.23,49.5,14.63
1484,2022-06-24 22:24:50,24.24,49.39,14.63
1485,2022-06-24 22:25:20,24.24,49.41,14.63
1486,2022-06-24 22:25:50,24.25,49.45,14.63
1487,2022-06-24 22:26:21,24.23,49.43,14.63
